{
	"info": {
		"_postman_id": "b505feea-8094-4bc5-86b2-0e50603d76b9",
		"name": "animeapi",
		"schema": "https://schema.getpostman.com/json/collection/v2.1.0/collection.json",
		"_exporter_id": "33497269"
	},
	"item": [
		{
			"name": "get_animes",
			"request": {
				"method": "GET",
				"header": [
					{
						"key": "Authorization",
						"value": "bearer eyJhbGciOiJIUzI1NiIsInR5cCI6IkpXVCJ9.eyJmaXJzdG5hbWUiOiJFc3RpdmVuIiwibGFzdG5hbWUiOiJNZWpcdTAwZWRhIiwiZW1haWwiOiJlc3RpdmVubWVqaWFAZ21haWwuY29tIiwiYWN0aXZlIjp0cnVlLCJhZG1pbiI6dHJ1ZSwiZXhwIjoxNzUzMzg4OTkxLCJpYXQiOjE3NTMzODUzOTF9.qbaZrqznRzWroUpsS-XLUmZfdZywO-fvPxmYa3jyBTg",
						"type": "text"
					}
				],
				"url": {
					"raw": "localhost:8000/animes?year=2000",
					"host": [
						"localhost"
					],
					"port": "8000",
					"path": [
						"animes"
					],
					"query": [
						{
							"key": "type",
							"value": "OVA",
							"disabled": true
						},
						{
							"key": "year",
							"value": "2000"
						}
					]
				}
			},
			"response": []
		},
		{
			"name": "create_anime",
			"request": {
				"method": "POST",
				"header": [
					{
						"key": "Authorization",
						"value": "Bearer eyJhbGciOiJIUzI1NiIsInR5cCI6IkpXVCJ9.eyJmaXJzdG5hbWUiOiJFc3RpdmVuIiwibGFzdG5hbWUiOiJNZWpcdTAwZWRhIiwiZW1haWwiOiJlc3RpdmVubWVqaWFAZ21haWwuY29tIiwiYWN0aXZlIjp0cnVlLCJhZG1pbiI6dHJ1ZSwiZXhwIjoxNzUzMzkxMDI3LCJpYXQiOjE3NTMzODc0Mjd9.zTYrmv1TSYS2GJd7AGr4zWDpmMnTpd5iYHrma0afViI",
						"type": "text"
					}
				],
				"body": {
					"mode": "raw",
					"raw": "{\n  \"title\": \"Tokyo Ghoul\",\n  \"type\": \"MOVIE\",\n  \"year\": \"2014\",\n  \"score\": 9.2,\n  \"episodes\": 12,\n  \"genres\": \"['action']\"\n}",
					"options": {
						"raw": {
							"language": "json"
						}
					}
				},
				"url": {
					"raw": "localhost:8000/anime",
					"host": [
						"localhost"
					],
					"port": "8000",
					"path": [
						"anime"
					]
				}
			},
			"response": []
		},
		{
			"name": "signin",
			"request": {
				"method": "GET",
				"header": []
			},
			"response": []
		},
		{
			"name": "signup",
			"request": {
				"method": "GET",
				"header": []
			},
			"response": []
		}
	],
	"event": [
		{
			"listen": "prerequest",
			"script": {
				"type": "text/javascript",
				"packages": {},
				"exec": [
					""
				]
			}
		},
		{
			"listen": "test",
			"script": {
				"type": "text/javascript",
				"packages": {},
				"exec": [
					""
				]
			}
		}
	],
	"variable": [
		{
			"key": "domain",
			"value": "https://api-animeproject-dev.azurewebsites.net",
			"type": "string"
		},
		{
			"key": "domain1",
			"value": "localhost:8000",
			"type": "string"
		}
	]
}