{
  "main": {
    "id": "d82edce7175f6bff",
    "type": "split",
    "children": [
      {
        "id": "da221e4f06e5ff8b",
        "type": "tabs",
        "children": [
          {
            "id": "f95420b83b3fc25c",
            "type": "leaf",
            "state": {
              "type": "markdown",
              "state": {
                "file": "ANALISIS_PROYECTO_REDIS.md",
                "mode": "source",
                "source": false
              },
              "icon": "lucide-file",
              "title": "ANALISIS_PROYECTO_REDIS"
            }
          }
        ]
      }
    ],
    "direction": "vertical"
  },
  "left": {
    "id": "26d4d72dd2db6abf",
    "type": "split",
    "children": [
      {
        "id": "c13baec12102b272",
        "type": "tabs",
        "children": [
          {
            "id": "c5ed849ed3a1afb9",
            "type": "leaf",
            "state": {
              "type": "file-explorer",
              "state": {
                "sortOrder": "alphabetical",
                "autoReveal": false
              },
              "icon": "lucide-folder-closed",
              "title": "Files"
            }
          },
          {
            "id": "68b87bdc029bf378",
            "type": "leaf",
            "state": {
              "type": "search",
              "state": {
                "query": "",
                "matchingCase": false,
                "explainSearch": false,
                "collapseAll": false,
                "extraContext": false,
                "sortOrder": "alphabetical"
              },
              "icon": "lucide-search",
              "title": "Search"
            }
          },
          {
            "id": "f4519d7245dd329c",
            "type": "leaf",
            "state": {
              "type": "bookmarks",
              "state": {},
              "icon": "lucide-bookmark",
              "title": "Bookmarks"
            }
          }
        ]
      }
    ],
    "direction": "horizontal",
    "width": 300
  },
  "right": {
    "id": "3f3a38a5c3fc72f0",
    "type": "split",
    "children": [
      {
        "id": "b7e17623eca9045b",
        "type": "tabs",
        "children": [
          {
            "id": "46b6716910aee65b",
            "type": "leaf",
            "state": {
              "type": "backlink",
              "state": {
                "file": "ANALISIS_PROYECTO_REDIS.md",
                "collapseAll": false,
                "extraContext": false,
                "sortOrder": "alphabetical",
                "showSearch": false,
                "searchQuery": "",
                "backlinkCollapsed": false,
                "unlinkedCollapsed": true
              },
              "icon": "links-coming-in",
              "title": "Backlinks for ANALISIS_PROYECTO_REDIS"
            }
          },
          {
            "id": "8532dc3cb7291b89",
            "type": "leaf",
            "state": {
              "type": "outgoing-link",
              "state": {
                "file": "ANALISIS_PROYECTO_REDIS.md",
                "linksCollapsed": false,
                "unlinkedCollapsed": true
              },
              "icon": "links-going-out",
              "title": "Outgoing links from ANALISIS_PROYECTO_REDIS"
            }
          },
          {
            "id": "0a1c9f379f84b73a",
            "type": "leaf",
            "state": {
              "type": "tag",
              "state": {
                "sortOrder": "frequency",
                "useHierarchy": true,
                "showSearch": false,
                "searchQuery": ""
              },
              "icon": "lucide-tags",
              "title": "Tags"
            }
          },
          {
            "id": "e9fdc6d93e160772",
            "type": "leaf",
            "state": {
              "type": "outline",
              "state": {
                "file": "ANALISIS_PROYECTO_REDIS.md",
                "followCursor": false,
                "showSearch": false,
                "searchQuery": ""
              },
              "icon": "lucide-list",
              "title": "Outline of ANALISIS_PROYECTO_REDIS"
            }
          }
        ]
      }
    ],
    "direction": "horizontal",
    "width": 300,
    "collapsed": true
  },
  "left-ribbon": {
    "hiddenItems": {
      "switcher:Open quick switcher": false,
      "graph:Open graph view": false,
      "canvas:Create new canvas": false,
      "daily-notes:Open today's daily note": false,
      "templates:Insert template": false,
      "command-palette:Open command palette": false
    }
  },
  "active": "f95420b83b3fc25c",
  "lastOpenFiles": [
    "infraestructura-api-anime",
    "Pasted image 20250725141112.png",
    "Pasted image 20250725141056.png",
    "Pasted image 20250725141036.png",
    "Pasted image 20250725105510.png",
    "Pasted image 20250725105452.png",
    "Pasted image 20250725104520.png",
    "Pasted image 20250725104259.png",
    "Pasted image 20250725103114.png",
    "Pasted image 20250725103100.png",
    "Pasted image 20250725102418.png",
    "infraestructura_proyecto_redis/acr.tf",
    "infraestructura_proyecto_redis/webapp.tf",
    "proyecto_redis/Dockerfile",
    "proyecto_redis/anime_db.sql",
    "proyecto_redis/requirements.txt",
    "proyecto_redis/utils/__pycache__/redis_cache.cpython-312.pyc",
    "proyecto_redis/env-api/lib/python3.12/site-packages/redis/__pycache__/utils.cpython-312.pyc",
    "proyecto_redis/env-api/lib/python3.12/site-packages/redis/__pycache__/typing.cpython-312.pyc",
    "proyecto_redis/env-api/lib/python3.12/site-packages/redis/__pycache__/sentinel.cpython-312.pyc",
    "proyecto_redis/env-api/lib/python3.12/site-packages/redis/__pycache__/retry.cpython-312.pyc",
    "proyecto_redis/env-api/lib/python3.12/site-packages/opentelemetry/sdk/metrics/_internal/exponential_histogram/mapping/ieee_754.md",
    "proyecto_redis/env-api/lib/python3.12/site-packages/msrest-0.7.1.dist-info/LICENSE.md",
    "proyecto_redis/env-api/lib/python3.12/site-packages/httpx-0.28.1.dist-info/licenses/LICENSE.md",
    "proyecto_redis/env-api/lib/python3.12/site-packages/httpcore-1.0.9.dist-info/licenses/LICENSE.md",
    "proyecto_redis/env-api/lib/python3.12/site-packages/uvicorn-0.35.0.dist-info/licenses/LICENSE.md",
    "proyecto_redis/env-api/lib/python3.12/site-packages/starlette-0.47.2.dist-info/licenses/LICENSE.md",
    "proyecto_redis/env-api/lib/python3.12/site-packages/idna-3.10.dist-info/LICENSE.md",
    "ANALISIS_PROYECTO_REDIS.md"
  ]
}